Unit_Name,Designation,State,Region,NPS_Fee_Acres,NPS_Less_Than_Fee_Acres,Other_Federal_Fee_Acres,Subtotal_Federal_Acres,Other_Public_Acres,Private_Acres,Subtotal_Non_Federal_Acres,Gross_Area_Acres
BANDELIER NM,National Monument,NM,Intermountain,33654.44,0.0,0.0,33654.44,0.0,22.23,22.23,33676.67
BADLANDS NP,National Park,SD,Midwest,111487.63,122321.5,0.0,233809.13,39.24,8907.57,8946.81,242755.94
BENT'S OLD FORT NHS,National Historic Site,CO,Intermountain,735.6,0.0,0.0,735.6,7.4,55.8,63.2,798.8
BELMONT-PAUL WOMENS EQLTY NM,National Monument,DC,National Capital,0.34,0.0,0.0,0.34,0.0,0.0,0.0,0.34
AZTEC RUINS NM,National Monument,NM,Intermountain,266.78,0.0,0.0,266.78,6.78,44.84,51.62,318.4
ARKANSAS POST NMEM,Memorial,AR,Midwest,649.91,0.0,14.0,663.91,0.0,93.6,93.6,757.51
ASSATEAGUE ISLAND NS,National Seashore,MD-VA,Northeast,8983.42,102.16,9842.69,18928.27,22389.33,28.9,22418.23,41346.5
"ARL HOUSE, R E LEE MEM",Memorial,VA,National Capital,28.08,0.0,0.0,28.08,0.0,0.0,0.0,28.08
BIG BEND NP,National Park,TX,Intermountain,775273.38,0.0,0.0,775273.38,2606.87,23282.96,25889.83,801163.21
BERING LAND BRIDGE N PRES,National Preserve,AK,Alaska,2651327.6,0.0,0.0,2651327.6,0.0,46063.41,46063.41,2697391.01
BIG CYPRESS ADDITION,Other Designation,FL,Southeast,141476.97,0.0,0.0,141476.97,3541.14,1092.58,4633.72,146110.69
ALAGNAK WILD RVR,Other Designation,AK,Alaska,26417.85,0.0,0.0,26417.85,2265.0,1981.94,4246.94,30664.79
AGATE FOSSIL BEDS NM,National Monument,NE,Midwest,2270.33,459.75,0.0,2730.08,24.43,303.36,327.79,3057.87
ALLEGHENY PRTGE RR NHS,National Historic Site,PA,Northeast,1255.02,0.0,0.0,1255.02,16.25,13.0,29.25,1284.27
ALIBATES FLINT QUARRIES N,Other Designation,TX,Intermountain,1079.23,0.0,0.0,1079.23,0.0,291.74,291.74,1370.97
AFRICAN BURIAL GROUND NM,National Monument,NY,Northeast,0.35,0.0,0.0,0.35,0.0,0.0,0.0,0.35
A LINCOLN BIRTHPL NHP,National Historical Park,KY,Southeast,344.5,0.0,0.0,344.5,0.0,0.0,0.0,344.5
ARCHES NP,National Park,UT,Intermountain,76545.95,0.0,0.0,76545.95,133.03,0.0,133.03,76678.98
ADAMS NHP,National Historical Park,MA,Northeast,9.17,0.0,0.0,9.17,4.0,10.65,14.65,23.82
ACADIA NP,National Park,ME,Northeast,37415.54,10695.4,21.77,48132.71,48.22,876.43,924.65,49057.36
APOSTLE ISLANDS NL,National Lakeshore,WI,Midwest,42160.7,0.0,0.0,42160.7,27216.73,0.0,27216.73,69377.43
ANTIETAM NB,National Battlefield,MD,National Capital,1937.09,805.68,0.0,2742.77,20.98,466.63,487.61,3230.38
APPOMATTOX CRT HS NHP,National Historical Park,VA,Northeast,1695.29,-0.48,0.0,1694.81,2.12,77.19,79.31,1774.12
APPALACHIAN NS TRAIL,National Scenic Trail,ME-GA,National Trails,106352.0,14685.44,58264.08,179301.52,49294.96,8142.85,57437.81,236739.33
ANIAKCHAK NM,National Monument,AK,Alaska,137176.0,0.0,0.0,137176.0,0.0,0.0,0.0,137176.0
ANDERSONVILLE NHS,National Historic Site,GA,Southeast,499.88,1.0,0.0,500.88,7.89,6.84,14.73,515.61
AMISTAD NRA,National Recreation Area,TX,Intermountain,57292.44,0.0,0.0,57292.44,0.0,1207.56,1207.56,58500.0
ANIAKCHAK N PRESERVE,National Preserve,AK,Alaska,458809.35,0.0,0.0,458809.35,5147.0,161.58,5308.58,464117.93
ANDREW JOHNSON NHS,National Historic Site,TN,Southeast,16.68,0.0,0.0,16.68,0.0,0.0,0.0,16.68
CANAVERAL NS,National Seashore,FL,Southeast,17735.69,0.0,39912.0,57647.69,0.0,14.0,14.0,57661.69
CABRILLO NM,National Monument,CA,Pacific West,159.94,0.0,0.0,159.94,0.0,0.0,0.0,159.94
CANYON DE CHELLY NM,National Monument,AZ,Intermountain,0.0,0.0,0.0,0.0,0.0,83840.0,83840.0,83840.0
CANE RIVER CREOLE NHP,National Historical Park,LA,Southeast,62.39,0.0,0.0,62.39,4.64,138.47,143.11,205.5
BUCK ISLAND REEF NM,National Monument,VI,Southeast,880.0,0.0,18135.47,19015.47,0.0,0.0,0.0,19015.47
C & O CANAL NHP,National Historical Park,MD-DC-WV,National Capital,13156.94,1308.25,0.0,14465.19,3173.62,1973.56,5147.18,19612.37
BUFFALO N RVR,National River,AR,Midwest,88385.39,3427.7,0.0,91813.09,2367.91,112.31,2480.22,94293.31
CANYONLANDS NP,National Park,UT,Intermountain,337269.4,301.03,0.0,337570.43,27.4,0.0,27.4,337597.83
CAPITOL REEF NP,National Park,UT,Intermountain,241234.29,0.0,0.0,241234.29,669.97,0.0,669.97,241904.26
CAPE HATTERAS NS,National Seashore,NC,Southeast,24470.1,0.0,5880.0,30350.1,0.0,0.55,0.55,30350.65
CAPE COD NS,National Seashore,MA,Northeast,27113.49,403.64,31.86,27548.99,14556.22,1503.22,16059.44,43608.43
CAPE LOOKOUT NS,National Seashore,NC,Southeast,13915.7,11243.4,14.52,25173.62,3048.16,21.58,3069.74,28243.36
CAPE KRUSENSTERN NM,National Monument,AK,Alaska,617157.16,10033.51,0.0,627190.67,353.0,21552.48,21905.48,649096.15
BIGHORN CANYON NRA,National Recreation Area,MT-WY,Intermountain,47986.04,889.89,19614.94,68490.87,1392.29,50413.06,51805.35,120296.22
BIG THICKET N PRESERVE,National Preserve,TX,Intermountain,107924.93,13.38,0.0,107938.31,3465.7,1096.8,4562.5,112500.81
BLACK CANYON OF GUNNISON,Other Designation,CO,Intermountain,27334.71,3381.77,0.0,30716.48,0.0,33.27,33.27,30749.75
BISCAYNE NP,National Park,FL,Southeast,171021.23,0.0,26.13,171047.36,1563.9,359.85,1923.75,172971.11
BIG CYPRESS N PRESERVE,National Preserve,FL,Southeast,535797.22,0.0,1.48,535798.7,37814.36,840.26,38654.62,574453.32
BRYCE CANYON NP,National Park,UT,Intermountain,35832.58,0.0,0.0,35832.58,0.0,2.5,2.5,35835.08
BIG SOUTH FORK NR & RA,Other Designation,KY-TN,Southeast,114778.57,34.45,0.0,114813.02,2845.5,6035.58,8881.08,123694.1
BIG HOLE NB,National Battlefield,MT,Pacific West,655.61,0.0,0.0,655.61,0.0,320.0,320.0,975.61
BLACKSTONE RIVER VALLEY NHP,National Historical Park,MA-RI,Northeast,0.0,0.0,0.0,0.0,0.0,1489.0,1489.0,1489.0
BOSTON NHP,National Historical Park,MA,Northeast,37.96,0.0,0.0,37.96,5.09,0.77,5.86,43.82
BOSTON HARBOR ISLAND NRA,National Recreation Area,MA,Northeast,0.06,240.51,5.0,245.57,988.74,248.0,1236.74,1482.31
BROWN V. BD OF ED. NHS,National Historic Site,KS,Midwest,1.85,0.0,0.0,1.85,0.0,0.0,0.0,1.85
BRICES CROSS RDS NBS,National Battlefield Site,MS,Southeast,1.0,0.0,0.0,1.0,0.0,0.0,0.0,1.0
BLUESTONE NSR,National River,WV,Northeast,3032.0,0.0,0.0,3032.0,1236.0,41.51,1277.51,4309.51
BLUE RIDGE PKWY,Parkway,NC-VA,National Trails,85425.79,2775.57,125.0,88326.36,259.58,10188.1,10447.68,98774.04
BOSTON AFRI-AMER NHS,National Historic Site,MA,Northeast,0.0,0.0,0.0,0.0,0.06,0.53,0.59,0.59
BOOKER T WASHINGTON NM,National Monument,VA,Northeast,239.01,0.0,0.0,239.01,0.0,0.0,0.0,239.01
CHRISTIANSTED NHS,National Historic Site,VI,Southeast,26.24,0.0,0.0,26.24,0.91,0.0,0.91,27.15
CHIRICAHUA NM,National Monument,AZ,Intermountain,11172.38,0.0,850.0,12022.38,0.0,2.35,2.35,12024.73
CLARA BARTON NHS,National Historic Site,MD,National Capital,8.59,0.0,0.0,8.59,0.0,0.0,0.0,8.59
CITY OF ROCKS NRESERVE,Other Designation,ID,Pacific West,9680.28,0.0,0.0,9680.28,640.0,4086.91,4726.91,14407.19
CHATTAHOOCHEE RVR NRA,National Recreation Area,GA,Southeast,4969.47,154.95,0.0,5124.42,3274.46,2151.18,5425.64,10550.06
CHICKASAW NRA,National Recreation Area,OK,Intermountain,9695.79,9.2,189.14,9894.13,4.5,0.0,4.5,9898.63
CHICK & CHATT NMP,National Military Park,GA-TN,Southeast,8974.17,12.89,0.0,8987.06,27.86,62.73,90.59,9077.65
COLONIAL NHP,National Historical Park,VA,Northeast,8048.82,556.47,0.0,8605.29,68.83,2.79,71.62,8676.91
COWPENS NB,National Battlefield,SC,Southeast,790.9,0.0,0.0,790.9,46.63,4.03,50.66,841.56
CONGAREE NP,National Park,SC,Southeast,26020.66,0.0,0.0,26020.66,0.0,255.16,255.16,26275.82
COLORADO NM,National Monument,CO,Intermountain,20536.39,0.0,0.0,20536.39,0.0,0.0,0.0,20536.39
CORONADO NMEM,Memorial,AZ,Intermountain,4827.19,0.0,1.03,4828.22,0.0,2.0,2.0,4830.22
CONSTITUTION GARDENS,Other Designation,DC,National Capital,39.23,0.0,0.0,39.23,0.0,0.0,0.0,39.23
CASA GRANDE RUINS NM,National Monument,AZ,Intermountain,472.5,0.0,0.0,472.5,0.0,0.0,0.0,472.5
CARTER G. WOODSON NHS,National Historic Site,DC,National Capital,0.15,0.0,0.0,0.15,0.0,0.0,0.0,0.15
CASTLE CLINTON NM,National Monument,NY,Northeast,1.0,0.0,0.0,1.0,0.0,0.0,0.0,1.0
CASTILLO DE SAN MARCOS NM,National Monument,FL,Southeast,19.31,0.0,0.0,19.31,0.06,0.01,0.07,19.38
CAPULIN VOLCANO NM,National Monument,NM,Intermountain,792.84,0.0,0.0,792.84,0.0,0.0,0.0,792.84
CHARLES YOUNG BUFF SOLDRS NM,National Monument,OH,Midwest,59.66,0.0,0.0,59.66,0.0,0.0,0.0,59.66
CARLSBAD CAVERNS NP,National Park,NM,Intermountain,46427.26,0.0,0.0,46427.26,0.0,339.19,339.19,46766.45
CARL SANDBURG HOME NHS,National Historic Site,NC,Southeast,263.52,0.0,0.0,263.52,0.0,0.13,0.13,263.65
CASTLE MOUNTAINS NM,National Monument,CA,Pacific West,20902.0,0.0,0.0,20902.0,106.0,17.5,123.5,21025.5
CHAMIZAL NMEM,Memorial,TX,Intermountain,54.9,0.0,0.0,54.9,0.0,0.0,0.0,54.9
CHACO CULTURE NHP,National Historical Park,NM,Intermountain,32840.14,0.0,0.0,32840.14,0.0,1120.05,1120.05,33960.19
CHARLES PINCKNEY NHS,National Historic Site,SC,Southeast,28.45,0.0,0.0,28.45,0.0,0.0,0.0,28.45
CHANNEL ISLANDS NP,National Park,CA,Pacific West,69425.66,0.0,9592.96,79018.62,124554.15,45988.23,170542.38,249561.0
CEDAR BREAKS NM,National Monument,UT,Intermountain,6154.6,0.0,0.0,6154.6,0.0,0.0,0.0,6154.6
CATOCTIN MT PARK,Park,MD,National Capital,5890.36,0.0,0.0,5890.36,0.0,1.13,1.13,5891.49
CESAR E CHAVEZ NM,National Monument,CA,Pacific West,1.9,8.6,0.0,10.5,0.0,106.06,106.06,116.56
CEDAR CREEK BELLE GROVE NHP,National Historical Park,VA,Northeast,86.38,0.0,0.0,86.38,21.09,3598.73,3619.82,3706.2
EISENHOWER NHS,National Historic Site,PA,Northeast,687.37,3.09,0.0,690.46,0.0,0.0,0.0,690.46
EFFIGY MOUNDS NM,National Monument,IA,Midwest,2526.39,0.0,0.0,2526.39,0.0,0.0,0.0,2526.39
EL MORRO NM,National Monument,NM,Intermountain,1039.92,0.0,0.0,1039.92,0.0,238.8,238.8,1278.72
EL MALPAIS NM,National Monument,NM,Intermountain,109946.76,0.0,0.0,109946.76,435.61,3964.74,4400.35,114347.11
DRY TORTUGAS NP,National Park,FL,Southeast,61481.22,0.0,0.0,61481.22,3220.0,0.0,3220.0,64701.22
EDGAR ALLAN POE NHS,National Historic Site,PA,Northeast,0.52,0.0,0.0,0.52,0.0,0.0,0.0,0.52
EBEYS LANDING NH RES,National Historic Site,WA,Pacific West,685.46,2067.21,0.0,2752.67,68.0,16512.34,16580.34,19333.01
ELEANOR ROOSEVELT NHS,National Historic Site,NY,Northeast,180.5,0.0,0.0,180.5,0.0,0.0,0.0,180.5
FEDERAL HALL NMEM,Memorial,NY,Northeast,0.45,0.0,0.0,0.45,0.0,0.0,0.0,0.45
EVERGLADES EXPANSION,Other Designation,FL,Southeast,108103.9,0.0,1.92,108105.82,4.22,318.71,322.93,108428.75
EUGENE ONEILL NHS,National Historic Site,CA,Pacific West,13.19,0.0,0.0,13.19,0.0,0.0,0.0,13.19
FDR MEMORIAL,Memorial,DC,National Capital,8.14,0.0,0.0,8.14,0.0,0.0,0.0,8.14
EVERGLADES NP,National Park,FL,Southeast,1400253.48,0.0,0.0,1400253.48,0.0,285.82,285.82,1400539.3
CUMBERLAND ISLAND NS,National Seashore,GA,Southeast,18866.37,1.63,656.92,19524.92,13820.15,3001.76,16821.91,36346.83
CUMBERLAND GAP NHP,National Historical Park,KY-TN-VA,Southeast,24344.95,185.61,0.0,24530.56,10.06,6.21,16.27,24546.83
CUYAHOGA VALLEY NP,National Park,OH,Midwest,19053.48,1453.67,0.0,20507.15,8456.92,3608.28,12065.2,32572.35
CURECANTI NRA,National Recreation Area,CO,Intermountain,1122.3,1.38,41971.04,43094.72,0.0,0.0,0.0,43094.72
CRATER LAKE NP,National Park,OR,Pacific West,183223.77,0.0,0.0,183223.77,0.0,0.28,0.28,183224.05
DINOSAUR NM,National Monument,CO-UT,Intermountain,203097.93,2667.58,0.0,205765.51,50.96,4465.45,4516.41,210281.92
CRATERS OF THE MOON NPRES,National Preserve,ID,Pacific West,410732.92,0.0,0.0,410732.92,0.0,0.0,0.0,410732.92
CRATERS OF THE MOON NM,National Monument,ID,Pacific West,53398.31,0.0,172.74,53571.05,0.0,0.0,0.0,53571.05
DAYTON AVIATION HR NHP,National Historical Park,OH,Midwest,0.69,0.0,84.41,85.1,0.48,24.94,25.42,110.52
DENALI NP,National Park,AK,Alaska,4732648.51,2.0,0.0,4732650.51,5663.0,2597.65,8260.65,4740911.16
DENALI N PRESERVE,National Preserve,AK,Alaska,1304241.97,0.0,0.0,1304241.97,640.0,29235.83,29875.83,1334117.8
DEVILS TOWER NM,National Monument,WY,Intermountain,1346.91,0.0,0.0,1346.91,0.0,0.3,0.3,1347.21
DEVILS POSTPILE NM,National Monument,CA,Pacific West,800.19,0.0,0.0,800.19,0.0,0.0,0.0,800.19
DEATH VALLEY NP,National Park,CA-NV,Pacific West,3320765.33,0.0,393.99,3321159.32,42187.93,9715.89,51903.82,3373063.14
DE SOTO NMEM,Memorial,FL,Southeast,24.78,0.0,0.0,24.78,0.0,5.22,5.22,30.0
DELAWARE NSR,National River,NJ-PA,Northeast,0.0,0.0,0.0,0.0,1973.33,0.0,1973.33,1973.33
DEL WATER GAP NRA,National Recreation Area,NJ-PA,Northeast,57220.12,53.06,0.0,57273.18,7525.31,2809.71,10335.02,67608.2
FT NECESSITY NB,National Battlefield,PA,Northeast,894.47,0.0,0.0,894.47,8.33,0.0,8.33,902.8
FT MONROE NM,National Monument,VA,Northeast,121.11,64.54,141.47,327.12,0.41,0.0,0.41,327.53
FT PULASKI NM,National Monument,GA,Southeast,5365.13,0.0,0.0,5365.13,257.97,0.0,257.97,5623.1
FT POINT NHS,National Historic Site,CA,Pacific West,29.0,0.0,0.0,29.0,0.0,0.0,0.0,29.0
FT LARNED NHS,National Historic Site,KS,Midwest,410.46,269.2,0.0,679.66,38.73,0.0,38.73,718.39
FT MCHENRY NM,National Monument,MD,Northeast,43.26,0.0,0.0,43.26,0.0,0.0,0.0,43.26
FT MATANZAS NM,National Monument,FL,Southeast,298.51,0.0,0.0,298.51,0.0,1.6,1.6,300.11
FT RALEIGH NHS,National Historic Site,NC,Southeast,355.45,0.0,0.0,355.45,18.09,139.39,157.48,512.93
FT UNION NM,National Monument,NM,Intermountain,720.6,0.0,0.0,720.6,0.0,0.0,0.0,720.6
FT SMITH NHS,National Historic Site,AR-OK,Midwest,31.75,0.41,5.8,37.96,1.44,35.6,37.04,75.0
FT SCOTT NHS,National Historic Site,KS,Midwest,16.69,0.0,0.0,16.69,0.0,0.0,0.0,16.69
FT SUMTER NM,National Monument,SC,Southeast,164.6,61.06,4.97,230.63,4.11,0.0,4.11,234.74
FT STANWIX NM,National Monument,NY,Northeast,15.52,0.0,0.0,15.52,0.0,0.0,0.0,15.52
FLORISSANT FOSSIL BEDS NM,National Monument,CO,Intermountain,5992.32,0.0,0.0,5992.32,5.77,0.0,5.77,5998.09
FLIGHT 93 NATIONAL MEMORIAL,Memorial,PA,Northeast,1641.41,0.0,0.0,1641.41,0.0,677.95,677.95,2319.36
FOSSIL BUTTE NM,National Monument,WY,Intermountain,8198.0,0.0,0.0,8198.0,0.0,0.0,0.0,8198.0
FORDS THEATRE NHS,National Historic Site,DC,National Capital,0.3,0.0,0.0,0.3,0.0,0.0,0.0,0.3
FIRE ISLAND NS,National Seashore,NY,Northeast,3090.44,3151.51,0.0,6241.95,12422.73,915.74,13338.47,19580.42
FT LARAMIE NHS,National Historic Site,WY,Intermountain,871.78,0.0,0.0,871.78,0.0,1.33,1.33,873.11
FIRST STATE NHP,National Historical Park,DE-PA,Northeast,1105.13,5.54,0.0,1110.67,2.47,41.9,44.37,1155.04
FIRST LADIES NHS,National Historic Site,OH,Midwest,0.46,0.0,0.0,0.46,0.0,0.0,0.0,0.46
FREDERICK DOUGLASS NHS,National Historic Site,DC,National Capital,8.57,0.0,0.0,8.57,0.0,0.0,0.0,8.57
FT DAVIS NHS,National Historic Site,TX,Intermountain,523.0,0.0,0.0,523.0,0.0,0.0,0.0,523.0
FT CAROLINE NMEM,Memorial,FL,Southeast,137.26,0.0,0.0,137.26,0.0,1.13,1.13,138.39
FT FREDERICA NM,National Monument,GA,Southeast,281.02,2.18,0.0,283.2,0.0,1.29,1.29,284.49
FT DONELSON NB,National Battlefield,TN-KY,Southeast,1017.07,0.0,226.49,1243.56,17.14,48.21,65.35,1308.91
FRED-SPOTS MEM NMP,National Military Park,VA,Northeast,7465.45,85.69,0.0,7551.14,13.2,840.84,854.04,8405.18
FREDERICK LAW OLMSTED NHS,National Historic Site,MA,Northeast,7.06,0.15,0.0,7.21,0.0,0.0,0.0,7.21
FT BOWIE NHS,National Historic Site,AZ,Intermountain,999.45,0.0,0.0,999.45,0.0,0.0,0.0,999.45
FRIENDSHIP HILL NHS,National Historic Site,PA,Northeast,661.44,0.0,0.0,661.44,0.0,13.12,13.12,674.56
GRAND CANYON NP,National Park,AZ,Intermountain,1180650.85,0.0,0.0,1180650.85,11860.0,9136.18,20996.18,1201647.03
GOVERNORS ISLAND NM,National Monument,NY,Northeast,22.4,0.01,0.0,22.41,0.0,0.5,0.5,22.91
GRAND TETON NP,National Park,WY,Intermountain,272837.32,8.85,34984.62,307830.79,1293.34,919.83,2213.17,310043.96
GRAND PORTAGE NM,National Monument,MN,Midwest,709.97,0.0,0.0,709.97,0.0,0.0,0.0,709.97
GLEN CANYON NRA,National Recreation Area,AZ-UT,Intermountain,1238621.99,0.0,1141.85,1239763.84,14352.78,0.0,14352.78,1254116.62
GOLDEN SPIKE NHS,National Historic Site,UT,Intermountain,2203.2,0.0,0.0,2203.2,0.0,532.08,532.08,2735.28
GOLDEN GATE NRA,National Recreation Area,CA,Pacific West,34742.86,24.55,324.97,35092.38,44382.21,2552.27,46934.48,82026.86
GRANT-KOHRS RANCH NHS,National Historic Site,MT,Intermountain,1325.83,165.63,0.0,1491.46,69.47,57.45,126.92,1618.38
GREAT SMOKY MTS NP,National Park,TN-NC,Southeast,521984.15,92.58,0.0,522076.73,0.0,350.15,350.15,522426.88
GREAT EGG HARBOR N RIVER,National River,NJ,Northeast,0.0,0.0,0.0,0.0,43311.42,0.0,43311.42,43311.42
GREAT BASIN NP,National Park,NV,Pacific West,77180.0,0.0,0.0,77180.0,0.0,0.0,0.0,77180.0
GREAT SAND DUNES NP,National Park,CO,Intermountain,94687.84,0.0,0.0,94687.84,40.0,12614.03,12654.03,107341.87
GREAT SAND DUNES N PRES,National Preserve,CO,Intermountain,41686.0,0.0,0.0,41686.0,0.0,0.0,0.0,41686.0
G W MEMORIAL PKWY,Parkway,MD-VA,National Capital,6270.93,460.16,88.17,6819.26,108.5,107.46,215.96,7035.22
G W BIRTHPLACE NM,National Monument,VA,Northeast,550.23,0.0,0.0,550.23,0.0,102.95,102.95,653.18
GATES OF THE ARCTIC NP,National Park,AK,Alaska,7273702.2,86108.0,0.0,7359810.2,1292.0,162795.25,164087.25,7523897.45
GATES OF ARCTIC N PRES,National Preserve,AK,Alaska,948203.0,0.0,0.0,948203.0,0.0,405.07,405.07,948608.07
FT UNION TRADING POST NHS,National Historic Site,ND-MT,Midwest,246.8,123.43,0.0,370.23,67.29,2.62,69.91,440.14
GLACIER NP,National Park,MT,Intermountain,1012845.75,54.34,0.0,1012900.09,2.51,226.34,228.85,1013128.94
FT WASHINGTON PARK,Park,MD,National Capital,341.0,0.0,0.0,341.0,0.0,0.0,0.0,341.0
FT VANCOUVER NHS,National Historic Site,WA,Pacific West,164.7,0.63,32.08,197.41,9.31,0.0,9.31,206.72
GATEWAY NRA,National Recreation Area,NJ-NY,Northeast,20164.67,1.63,279.24,20445.54,5558.9,602.19,6161.09,26606.63
GILA CLIFF DWELNGS NM,National Monument,NM,Intermountain,533.13,0.0,0.0,533.13,0.0,0.0,0.0,533.13
GETTYSBURG NMP,National Military Park,PA,Northeast,4569.88,590.81,0.01,5160.7,43.21,828.63,871.84,6032.54
GLACIER BAY NP,National Park,AK,Alaska,3222284.2,0.0,0.0,3222284.2,0.0,1099.23,1099.23,3223383.43
GLACIER BAY N PRESERVE,National Preserve,AK,Alaska,58406.0,0.0,0.0,58406.0,0.0,0.0,0.0,58406.0
GENERAL GRANT NMEM,Memorial,NY,Northeast,0.76,0.0,0.0,0.76,0.0,0.0,0.0,0.76
GAULEY RIVER NRA,National Recreation Area,WV,Northeast,4473.2,61.67,43.36,4578.23,989.83,5998.4,6988.23,11566.46
GEORGE WASH CARVER NM,National Monument,MO,Midwest,210.0,0.0,0.0,210.0,0.0,0.0,0.0,210.0
GEORGE R CLARK NHP,National Historical Park,IN,Midwest,25.3,0.0,0.0,25.3,0.87,0.0,0.87,26.17
HOVENWEEP NM,National Monument,CO-UT,Intermountain,784.93,0.0,0.0,784.93,0.0,0.0,0.0,784.93
HOT SPRINGS NP,National Park,AR,Midwest,4998.1,0.0,0.0,4998.1,333.89,217.11,551.0,5549.1
INDEPENDENCE NHP,National Historical Park,PA,Northeast,33.27,0.6,0.0,33.87,4.95,6.03,10.98,44.85
HUBBELL T P NHS,National Historic Site,AZ,Intermountain,160.09,0.0,0.0,160.09,0.0,0.0,0.0,160.09
HOPEWELL CULTURE NHP,National Historical Park,OH,Midwest,1138.3,8.05,0.0,1146.35,0.11,619.7,619.81,1766.16
HORSESHOE BEND NMP,National Military Park,AL,Southeast,2040.0,0.0,0.0,2040.0,0.0,0.0,0.0,2040.0
HOPEWELL FURNACE NHS,National Historic Site,PA,Northeast,848.06,0.0,0.0,848.06,0.0,0.0,0.0,848.06
INDIANA DUNES NL,National Lakeshore,IN,Midwest,10540.9,500.0,0.0,11040.9,3416.75,889.48,4306.23,15347.13
JEAN LAFITTE NHP,National Historical Park,LA,Southeast,17568.13,0.4,0.0,17568.53,2376.01,2476.32,4852.33,22420.86
J F KENNEDY NHS,National Historic Site,MA,Northeast,0.09,0.0,0.0,0.09,0.0,0.0,0.0,0.09
ISLE ROYALE NP,National Park,MI,Midwest,539281.87,0.0,0.0,539281.87,32508.24,0.0,32508.24,571790.11
JDROCKEFELLER MEM PKWY,Parkway,WY,Intermountain,23777.22,0.0,0.0,23777.22,0.0,0.0,0.0,23777.22
JAMES A GARFIELD NHS,National Historic Site,OH,Midwest,7.82,0.0,0.0,7.82,0.0,0.0,0.0,7.82
HAGERMAN FOSSIL BEDS,Other Designation,ID,Pacific West,4334.65,0.0,0.0,4334.65,0.0,16.5,16.5,4351.15
GULF ISLANDS NS,National Seashore,FL-MS,Southeast,95223.93,2.09,4553.25,99779.27,37807.56,718.69,38526.25,138305.52
HAMILTON GRANGE NMEM,Memorial,NY,Northeast,0.11,0.93,0.0,1.04,0.0,0.71,0.71,1.75
HALEAKALA NP,National Park,HI,Pacific West,33264.47,0.0,0.0,33264.47,0.15,0.0,0.15,33264.62
GREENBELT PARK,Park,MD,National Capital,1105.79,0.0,0.0,1105.79,58.3,11.33,69.63,1175.42
HONOULIULI NM,National Monument,HI,Pacific West,123.02,0.0,0.0,123.02,0.0,31.44,31.44,154.46
GUILFORD COURTHS NMP,National Military Park,NC,Southeast,251.49,0.0,0.0,251.49,0.0,0.0,0.0,251.49
GUADALUPE MTS NP,National Park,TX,Intermountain,86367.1,0.0,0.0,86367.1,0.0,0.0,0.0,86367.1
HAMPTON NHS,National Historic Site,MD,Northeast,62.04,0.0,0.0,62.04,0.0,0.0,0.0,62.04
HOHOKAM PIMA NM,National Monument,AZ,Intermountain,0.0,0.0,0.0,0.0,0.0,1690.0,1690.0,1690.0
HERBERT HOOVER NHS,National Historic Site,IA,Midwest,181.11,0.0,0.0,181.11,4.59,1.1,5.69,186.8
HOMESTEAD NM OF AMERIC,Other Designation,NE,Midwest,181.11,24.07,0.0,205.18,5.91,0.0,5.91,211.09
HOME OF F D R NHS,National Historic Site,NY,Northeast,785.45,46.98,1.0,833.43,0.0,0.0,0.0,833.43
HARRIET TUBMAN UNDRGR RR NHP,National Historical Park,MD,Northeast,480.0,0.0,0.0,480.0,0.0,0.0,0.0,480.0
HARPERS FERRY NHP,National Historical Park,MD-VA-WV,National Capital,3154.77,53.67,338.97,3547.41,59.1,49.71,108.81,3656.22
HAWAII VOLCANOES NP,National Park,HI,Pacific West,323431.38,0.0,0.0,323431.38,0.0,0.0,0.0,323431.38
HARRY S TRUMAN NHS,National Historic Site,MO,Midwest,12.59,0.0,0.0,12.59,0.0,0.0,0.0,12.59
LAKE CHELAN NRA,National Recreation Area,WA,Pacific West,59337.22,11.83,0.0,59349.05,2210.44,386.78,2597.22,61946.27
KOREAN WAR VETERANS MEM,Memorial,DC,National Capital,1.56,0.0,0.0,1.56,0.0,0.0,0.0,1.56
LAKE CLARK NP,National Park,AK,Alaska,2481439.42,0.0,0.0,2481439.42,37426.0,100951.07,138377.07,2619816.49
LAKE CLARK N PRESERVE,National Preserve,AK,Alaska,1249957.36,9251.98,0.0,1259209.34,58224.63,92859.71,151084.34,1410293.68
KLONDIKE GOLD RUSH NHP,National Historical Park,AK-WA,Alaska,3420.0,0.0,0.0,3420.0,9199.38,377.11,9576.49,12996.49
KOBUK VALLEY NP,National Park,AK,Alaska,1714253.45,5.0,0.0,1714258.45,966.0,35491.71,36457.71,1750716.16
KNIFE RIVER INDIAN VIL NH,National Historic Site,ND,Midwest,1457.24,136.41,0.0,1593.65,0.0,155.15,155.15,1748.8
LAKE MEAD NRA,National Recreation Area,AZ-NV,Pacific West,1392721.19,41.31,78230.76,1470993.26,2444.75,22367.52,24812.27,1495805.53
LBJ MEM GROVE,Other Designation,DC,National Capital,17.0,0.0,0.0,17.0,0.0,0.0,0.0,17.0
LAKE ROOSEVELT NRA,National Recreation Area,WA,Pacific West,331.31,0.0,100059.0,100390.31,0.0,0.0,0.0,100390.31
LAKE MEREDITH NRA,National Recreation Area,TX,Intermountain,43964.63,0.0,1013.0,44977.63,0.0,0.0,0.0,44977.63
LAVA BEDS NM,National Monument,CA,Pacific West,46692.42,0.0,0.0,46692.42,0.0,0.0,0.0,46692.42
LASSEN VOLCANIC NP,National Park,CA,Pacific West,106448.11,0.0,0.0,106448.11,0.0,140.91,140.91,106589.02
JOHN MUIR NHS,National Historic Site,CA,Pacific West,338.3,0.0,0.0,338.3,3.9,1.94,5.84,344.14
JOHN DAY FOS BEDS NM,National Monument,OR,Pacific West,7082.05,1403.05,4971.06,13456.16,134.54,471.32,605.86,14062.02
JOSHUA TREE NP,National Park,CA,Pacific West,779163.11,0.0,25.4,779188.51,2572.74,8874.49,11447.23,790635.74
JOHNSTOWN FLOOD NMEM,Memorial,PA,Northeast,167.42,1.24,0.0,168.66,5.55,3.55,9.1,177.76
JEFFERSON N EXPAN MEM,Memorial,MO-IL,Midwest,85.46,5.5,0.0,90.96,16.64,85.23,101.87,192.83
KINGS MT NMP,National Military Park,SC,Southeast,3945.29,0.0,0.0,3945.29,0.0,0.0,0.0,3945.29
JIMMY CARTER NHS,National Historic Site,GA,Southeast,36.81,8.81,1.92,47.54,0.0,24.67,24.67,72.21
JEWEL CAVE NM,National Monument,SD,Midwest,1273.51,0.0,0.0,1273.51,0.0,0.0,0.0,1273.51
KALAUPAPA NHP,National Historical Park,HI,Pacific West,22.88,0.0,0.0,22.88,10684.0,72.0,10756.0,10778.88
KENNESAW MT NBP,National Battlefield Park,GA,Southeast,2887.92,0.0,0.0,2887.92,6.37,0.0,6.37,2894.29
KENAI FJORDS NP,National Park,AK,Alaska,603129.86,0.0,0.0,603129.86,19302.0,47218.19,66520.19,669650.05
KINGS CANYON NP,National Park,CA,Pacific West,461846.05,0.0,0.0,461846.05,0.0,55.15,55.15,461901.2
KEWEENAW NHP,National Historical Park,MI,Midwest,135.78,0.0,0.0,135.78,0.0,1733.62,1733.62,1869.4
KATAHDIN WOODS AND WATERS NM,National Monument,ME,Northeast,87564.27,0.0,0.0,87564.27,0.0,0.0,0.0,87564.27
KALOKO-HONOKOHAU NHP,National Historical Park,HI,Pacific West,615.9,0.0,0.0,615.9,518.83,28.32,547.15,1163.05
KATMAI NP,National Park,AK,Alaska,3611536.5,20.43,7.5,3611564.43,50172.0,12792.9,62964.9,3674529.33
KATMAI N PRESERVE,National Preserve,AK,Alaska,333400.98,0.0,0.0,333400.98,76881.0,8416.82,85297.82,418698.8
MESA VERDE NP,National Park,CO,Intermountain,52253.29,0.0,0.0,52253.29,41.01,190.87,231.88,52485.17
MARTIN VAN BUREN NHS,National Historic Site,NY,Northeast,44.53,7.64,0.0,52.17,0.24,232.52,232.76,284.93
MINUTE MAN NHP,National Historical Park,MA,Northeast,787.69,7.47,6.78,801.94,125.53,100.29,225.82,1027.76
MINIDOKA NHS,National Historic Site,ID,Pacific West,299.79,88.51,0.0,388.3,8.0,0.0,8.0,396.3
MARSH-BILLINGS-ROCKEFELLER N,Other Designation,VT,Northeast,555.07,0.0,0.0,555.07,0.0,88.0,88.0,643.07
MARTIN L KING JR NHS,National Historic Site,GA,Southeast,13.62,0.0,0.0,13.62,10.22,14.86,25.08,38.7
MARTIN L KING JR MEMORIAL,Memorial,DC,National Capital,2.74,0.0,0.0,2.74,0.0,0.0,0.0,2.74
MINUTEMAN MISSILE NHS,National Historic Site,SD,Midwest,39.22,0.93,0.0,40.15,0.0,3.65,3.65,43.8
MONTEZUMA CASTLE NM,National Monument,AZ,Intermountain,998.69,0.0,0.0,998.69,0.0,16.83,16.83,1015.52
MISSOURI N REC RIVER,National River,SD-NE,Midwest,307.68,1.1,0.0,308.78,0.0,48147.77,48147.77,48456.55
MISSISSIPPI N RVR & RA,National River,MN,Midwest,62.42,0.0,0.0,62.42,0.0,53712.58,53712.58,53775.0
MONOCACY NB,National Battlefield,MD,National Capital,1354.87,195.37,0.0,1550.24,51.82,44.95,96.77,1647.01
MOJAVE NATIONAL PRESERVE,National Preserve,CA,Pacific West,1478985.25,0.0,0.0,1478985.25,43555.02,20235.53,63790.55,1542775.8
LITTLE BIGHORN BATTLEFLD,National Battlefield,MT,Intermountain,765.34,0.0,0.0,765.34,0.0,0.0,0.0,765.34
LINCOLN MEMORIAL,Memorial,DC,National Capital,7.29,0.0,0.0,7.29,0.0,0.0,0.0,7.29
LITTLE ROCK CENTRAL HS NH,National Historic Site,AR,Midwest,2.22,0.0,0.0,2.22,24.91,0.15,25.06,27.28
LITTLE RIVER CANYON,Other Designation,AL,Southeast,11130.11,0.0,13.33,11143.44,3287.87,857.22,4145.09,15288.53
LEWIS AND CLARK NHP,National Historical Park,OR-WA,Pacific West,2729.32,0.0,0.0,2729.32,273.4,407.43,680.83,3410.15
MANZANAR NHS,National Historic Site,CA,Pacific West,813.81,0.0,0.0,813.81,0.0,0.0,0.0,813.81
LINCOLN HOME NHS,National Historic Site,IL,Midwest,12.03,0.0,0.0,12.03,0.0,0.21,0.21,12.24
LINCOLN BOYHOOD NMEM,Memorial,IN,Midwest,185.68,0.0,0.0,185.68,6.38,7.9,14.28,199.96
LONGFELLOW HOUSE-WASH HQ NHS,National Historic Site,MA,Northeast,1.98,0.0,0.0,1.98,0.0,0.0,0.0,1.98
MAMMOTH CAVE NP,National Park,KY,Southeast,52003.24,0.0,0.0,52003.24,814.75,12.2,826.95,52830.19
MAGGIE L WALKER NHS,National Historic Site,VA,Northeast,0.36,0.0,0.0,0.36,0.0,0.93,0.93,1.29
MANHATTAN PROJECT NHP,National Historical Park,NM-TN-WA,Intermountain,0.0,0.0,113.61,113.61,0.0,0.0,0.0,113.61
MANASSAS NBP,National Battlefield Park,VA,National Capital,4400.73,21.52,0.0,4422.25,0.0,650.38,650.38,5072.63
LOWER ST CROIX NSR,National River,MN-WI,Midwest,4916.4,3488.93,0.0,8405.33,4496.83,12374.29,16871.12,25276.45
LOWELL NHP,National Historical Park,MA,Northeast,10.62,21.04,0.0,31.66,4.46,105.17,109.63,141.29
M MCLEOD BETHUNE HOUSE NHS,National Historic Site,DC,National Capital,0.07,0.0,0.0,0.07,0.0,0.0,0.0,0.07
LYNDON B JOHNSON NHP,National Historical Park,TX,Intermountain,672.27,2.05,0.0,674.32,0.06,895.77,895.83,1570.15
NORTH CASCADES NP,National Park,WA,Pacific West,504654.18,0.0,0.0,504654.18,0.0,126.76,126.76,504780.94
NOATAK N PRESERVE,National Preserve,AK,Alaska,6549220.04,0.0,0.0,6549220.04,1197.0,36654.35,37851.35,6587071.39
OBED WILD & SCENIC RVR,National River,TN,Southeast,2632.71,1081.12,0.0,3713.83,350.44,1368.42,1718.86,5432.69
NP OF AMERICAN SAMOA,Other Designation,SAMOA,Pacific West,0.0,0.0,0.0,0.0,8256.67,0.0,8256.67,8256.67
NICODEMUS NHS,National Historic Site,KS,Midwest,0.22,1.42,0.0,1.64,12.93,2.95,15.88,17.52
NIOBRARA N SCENIC RIVER,National River,NE,Midwest,185.88,0.0,844.52,1030.4,398.68,27671.94,28070.62,29101.02
NINETY SIX NHS,National Historic Site,SC,Southeast,1021.94,0.0,0.0,1021.94,0.0,0.0,0.0,1021.94
OCMULGEE NM,National Monument,GA,Southeast,701.54,0.0,0.0,701.54,2.16,0.0,2.16,703.7
PADRE ISLAND NS,National Seashore,TX,Intermountain,130355.46,0.0,0.0,130355.46,78.81,0.0,78.81,130434.27
OREGON CAVES NM,National Monument,OR,Pacific West,4554.03,0.0,0.0,4554.03,0.0,0.0,0.0,4554.03
OLYMPIC NP,National Park,WA,Pacific West,913387.17,64.88,100.0,913552.05,8749.47,348.58,9098.05,922650.1
OZARK NS RIVERWAYS,Other Designation,MO,Midwest,52206.33,9162.09,0.0,61368.42,14062.59,5354.03,19416.62,80785.04
ORGAN PIPE CACTUS NM,National Monument,AZ,Intermountain,329114.5,24.42,226.37,329365.29,1280.0,43.57,1323.57,330688.86
MUIR WOODS NM,National Monument,CA,Pacific West,522.98,0.0,0.0,522.98,30.57,0.0,30.57,553.55
MT RUSHMORE NMEM,Memorial,SD,Midwest,1238.45,1.07,0.0,1239.52,38.93,0.0,38.93,1278.45
NATCHEZ TRACE NS TRAIL,National Scenic Trail,TN-MS-AL,Southeast,0.0,0.0,0.0,0.0,0.0,10995.0,10995.0,10995.0
NATCHEZ NHP,National Historical Park,MS,Southeast,85.98,0.0,0.0,85.98,5.02,17.3,22.32,108.3
MOORES CREEK NB,National Battlefield,NC,Southeast,85.35,2.4,0.0,87.75,0.0,0.0,0.0,87.75
NEZ PERCE NHP,National Historical Park,MT-ID-OR-WA,Pacific West,1968.18,1885.33,5.12,3858.63,261.2,445.1,706.3,4564.93
MT RAINIER NP,National Park,WA,Pacific West,236326.85,0.0,0.0,236326.85,20.7,34.09,54.79,236381.64
MORRISTOWN NHP,National Historical Park,NJ,Northeast,1704.74,0.95,0.0,1705.69,0.0,5.03,5.03,1710.72
NATCHEZ TRACE PKWY,Parkway,TN-MS-AL,Southeast,46320.02,5887.28,0.0,52207.3,34.54,60.16,94.7,52302.0
NEW BEDFORD WHALING,Other Designation,MA,Northeast,0.34,0.0,0.0,0.34,0.0,33.66,33.66,34.0
NAVAJO NM,National Monument,AZ,Intermountain,360.0,0.0,0.0,360.0,0.0,0.0,0.0,360.0
NEW RIVER GORGE N RVR,National River,WV,Northeast,53689.64,163.92,0.0,53853.56,4607.99,13724.21,18332.2,72185.76
NEW ORLEANS JAZZ NHP,National Historical Park,LA,Southeast,0.0,0.0,0.0,0.0,5.13,0.0,5.13,5.13
NATIONAL MALL,Other Designation,DC,National Capital,150.44,5.4,0.0,155.84,0.0,0.0,0.0,155.84
NATIONAL CAPITAL PARKS,Other Designation,DC-MD,National Capital,8430.87,31.6,0.0,8462.47,192.67,38.23,230.9,8693.37
NATURAL BRIDGES NM,National Monument,UT,Intermountain,7620.49,16.0,0.0,7636.49,0.0,0.0,0.0,7636.49
NATIONAL WWII MEMORIAL,Memorial,DC,National Capital,8.25,0.0,0.0,8.25,0.0,0.0,0.0,8.25
PUUHONUA O HONAUNAU,Other Designation,HI,Pacific West,418.78,1.02,0.0,419.8,0.0,0.0,0.0,419.8
PULLMAN NM,National Monument,IL,Midwest,0.24,0.16,0.0,0.4,0.0,0.0,0.0,0.4
R REAGAN BOYHOOD HOME NHS,National Historic Site,IL,Midwest,0.0,0.0,0.0,0.0,0.0,1.01,1.01,1.01
PUUKOHOLA HEIAU NHS,National Historic Site,HI,Pacific West,60.95,0.0,0.0,60.95,25.29,0.0,25.29,86.24
POVERTY POINT NM,National Monument,LA,Southeast,0.0,0.0,0.0,0.0,415.14,495.71,910.85,910.85
PRINCE WM FOREST PARK,Park,VA,National Capital,14562.03,41.89,0.0,14603.92,0.0,1476.9,1476.9,16080.82
PRESIDENT WJ CLINTON BP NHS,National Historic Site,AR,Midwest,0.68,0.0,0.0,0.68,0.0,0.0,0.0,0.68
RAINBOW BRIDGE NM,National Monument,UT,Intermountain,160.0,0.0,0.0,160.0,0.0,0.0,0.0,160.0
ROCK CREEK PARK,Park,DC,National Capital,1755.21,0.0,0.0,1755.21,0.0,0.0,0.0,1755.21
RICHMOND NBP,National Battlefield Park,VA,Northeast,3588.54,22.43,1.42,3612.39,2.7,4554.6,4557.3,8169.69
REDWOOD NP,National Park,CA,Pacific West,77715.18,29.36,1.92,77746.46,61101.92,150.99,61252.91,138999.37
RIVER RAISIN NBP,National Battlefield Park,MI,Midwest,42.18,0.0,0.0,42.18,0.0,0.0,0.0,42.18
RIO GRANDE WILD & SR,Other Designation,TX,Intermountain,0.0,0.0,0.0,0.0,2150.0,7450.0,9600.0,9600.0
PENNSYLVANIA AVE NHS,National Historic Site,DC,National Capital,15.59,0.0,0.84,16.43,1.18,0.0,1.18,17.61
PECOS NHP,National Historical Park,NM,Intermountain,6405.68,0.0,0.0,6405.68,51.51,236.99,288.5,6694.18
PETERSBURG NB,National Battlefield,VA,Northeast,2656.14,0.12,1.17,2657.43,0.0,82.29,82.29,2739.72
PERRYS VIC & INT PEACE M,Other Designation,OH,Midwest,23.12,0.02,0.0,23.14,2.24,0.0,2.24,25.38
PALO ALTO BTLFLD NHP,National Historical Park,TX,Intermountain,1798.93,0.0,0.0,1798.93,0.0,1642.81,1642.81,3441.74
PEA RIDGE NMP,National Military Park,AR,Midwest,4278.75,0.0,0.0,4278.75,17.83,3.77,21.6,4300.35
PATERSON GREAT FALLS NHP,National Historical Park,NJ,Northeast,0.39,0.0,0.0,0.39,50.47,0.46,50.93,51.32
PETRIFIED FOREST NP,National Park,AZ,Intermountain,146930.01,0.0,0.0,146930.01,35900.69,38585.07,74485.76,221415.77
PISCATAWAY PARK,Park,MD,National Capital,1918.85,2671.72,0.0,4590.57,0.0,35.8,35.8,4626.37
PIPESTONE NM,National Monument,MN,Midwest,281.78,0.0,0.0,281.78,0.0,0.0,0.0,281.78
POINT REYES NS,National Seashore,CA,Pacific West,64856.5,42.98,334.87,65234.35,2696.98,3124.08,5821.06,71055.41
PICTURED ROCKS NL,National Lakeshore,MI,Midwest,35705.86,21.3,44.16,35771.32,13939.75,23524.76,37464.51,73235.83
PETROGLYPH NM,National Monument,NM,Intermountain,2936.37,0.0,0.0,2936.37,4160.95,111.98,4272.93,7209.3
PIPE SPRING NM,National Monument,AZ,Intermountain,40.0,0.0,0.0,40.0,0.0,0.0,0.0,40.0
PINNACLES NP,National Park,CA,Pacific West,26674.6,0.31,0.0,26674.91,0.0,10.82,10.82,26685.73
SEQUOIA NP,National Park,CA,Pacific West,403893.31,15.36,0.0,403908.67,0.0,153.96,153.96,404062.63
SCOTTS BLUFF NM,National Monument,NE,Midwest,2953.94,0.27,0.0,2954.21,5.95,44.57,50.52,3004.73
SHILOH NMP,National Military Park,TN-MS,Southeast,5047.96,0.01,0.0,5047.97,958.76,1914.79,2873.55,7921.52
SHENANDOAH NP,National Park,VA,Northeast,197536.49,818.31,0.0,198354.8,72.11,768.36,840.47,199195.27
SANTA MONICA MTS NRA,National Recreation Area,CA,Pacific West,23570.56,33.38,16.45,23620.39,50548.82,82501.97,133050.79,156671.18
SAUGUS IRON WORKS NHS,National Historic Site,MA,Northeast,8.51,0.0,0.0,8.51,0.0,0.0,0.0,8.51
SARATOGA NHP,National Historical Park,NY,Northeast,2911.13,2.04,0.0,2913.17,59.18,606.79,665.97,3579.14
SITKA NHP,National Historical Park,AK,Alaska,58.22,0.0,0.0,58.22,54.63,3.44,58.07,116.29
STATUE OF LIBERTY NM,National Monument,NY-NJ,Northeast,58.38,0.0,0.0,58.38,0.0,0.0,0.0,58.38
SPRINGFIELD ARMORY NHS,National Historic Site,MA,Northeast,20.32,0.28,0.0,20.6,34.33,0.0,34.33,54.93
SLEEPING BEAR DUNES NL,National Lakeshore,MI,Midwest,57011.72,663.61,1.85,57677.18,12067.29,1460.59,13527.88,71205.06
ST PAULS CHURCH NHS,National Historic Site,NY,Northeast,6.13,0.0,0.0,6.13,0.0,0.0,0.0,6.13
ST CROIX ISLAND IHS,International Historic Site,ME,Northeast,6.5,0.0,0.0,6.5,0.0,0.0,0.0,6.5
RUSSELL CAVE NM,National Monument,AL,Southeast,310.45,0.0,0.0,310.45,0.0,0.0,0.0,310.45
ROSS LAKE NRA,National Recreation Area,WA,Pacific West,115959.59,0.0,0.0,115959.59,1609.37,5.63,1615.0,117574.59
SAGUARO NP,National Park,AZ,Intermountain,87826.51,13.64,0.0,87840.15,3009.67,865.9,3875.57,91715.72
SAGAMORE HILL NHS,National Historic Site,NY,Northeast,83.02,0.0,0.0,83.02,0.0,0.0,0.0,83.02
ROCKY MT NP,National Park,CO,Intermountain,264209.16,1220.7,0.0,265429.86,117.04,248.3,365.34,265795.2
SAND CREEK MASSACRE NHS,National Historic Site,CO,Intermountain,3025.43,0.0,0.0,3025.43,0.0,9557.91,9557.91,12583.34
ROSIE THE RIVETER NHP,National Historical Park,CA,Pacific West,0.0,0.0,0.0,0.0,145.19,0.0,145.19,145.19
ROGER WILLIAMS NMEM,Memorial,RI,Northeast,4.56,0.0,0.0,4.56,0.0,0.0,0.0,4.56
SAINT CROIX NSR,National River,MN-WI,Midwest,20355.16,11057.45,804.44,32217.05,30716.34,4533.24,35249.58,67466.63
SAN FRAN MARITIME NHP,National Historical Park,CA,Pacific West,30.03,0.0,0.0,30.03,19.83,0.0,19.83,49.86
SAN ANTONIO MISSIONS NHP,National Historical Park,TX,Intermountain,463.3,69.68,0.0,532.98,267.43,147.32,414.75,947.73
SAN JUAN NHS,National Historic Site,PR,Southeast,53.2,0.0,0.0,53.2,21.93,0.0,21.93,75.13
SAN JUAN ISLAND NHP,National Historical Park,WA,Pacific West,2114.52,0.0,0.0,2114.52,26.54,4.5,31.04,2145.56
SALEM MARITIME NHS,National Historic Site,MA,Northeast,8.93,0.0,0.0,8.93,0.0,0.09,0.09,9.02
SAINT-GAUDENS NHS,National Historic Site,NH,Northeast,190.75,0.0,0.0,190.75,0.0,0.0,0.0,190.75
SALT RVR BAY NHP,National Historical Park,VI,Southeast,224.67,0.0,0.0,224.67,659.49,105.26,764.75,989.42
SALINAS PUEBLO MSNS NM,National Monument,NM,Intermountain,979.87,5.26,0.0,985.13,5.68,80.61,86.29,1071.42
TUZIGOOT NM,National Monument,AZ,Intermountain,366.42,15.11,0.0,381.53,0.0,430.36,430.36,811.89
TUSKEGEE INSTITUTE NHS,National Historic Site,AL,Southeast,7.9,1.02,0.0,8.92,0.0,49.0,49.0,57.92
UPPER DEL SCENIC & R RVR,National River,NY-PA,Northeast,30.47,0.28,0.0,30.75,1327.96,73640.85,74968.81,74999.56
ULYSSES S GRANT NHS,National Historic Site,MO,Midwest,9.6,0.0,0.0,9.6,0.0,0.0,0.0,9.6
TUMACACORI NHP,National Historical Park,AZ,Intermountain,357.74,0.0,0.0,357.74,0.64,1.94,2.58,360.32
TUSKEGEE AIRMEN NHS,National Historic Site,AL,Southeast,44.71,0.0,0.0,44.71,0.4,44.57,44.97,89.68
TUPELO NB,National Battlefield,MS,Southeast,1.0,0.0,0.0,1.0,0.0,0.0,0.0,1.0
VALLES CALDERA N PRES,National Preserve,NM,Intermountain,89766.09,0.0,0.0,89766.09,0.0,0.0,0.0,89766.09
VIRGIN ISLANDS CORAL REEF,Other Designation,VI,Southeast,11608.48,0.0,0.0,11608.48,1099.59,0.0,1099.59,12708.07
VANDERBILT MANSION NHS,National Historic Site,NY,Northeast,211.65,0.0,0.0,211.65,0.0,0.0,0.0,211.65
VALLEY FORGE NHP,National Historical Park,PA,Northeast,3145.73,29.13,0.0,3174.86,218.03,74.81,292.84,3467.7
VICKSBURG NMP,National Military Park,MS-LA,Southeast,1747.68,-0.95,0.0,1746.73,4.84,50.61,55.45,1802.18
SUNSET CRATER VOLC NM,National Monument,AZ,Intermountain,3040.0,0.0,0.0,3040.0,0.0,0.0,0.0,3040.0
STEAMTOWN NHS,National Historic Site,PA,Northeast,51.29,0.0,0.0,51.29,10.55,0.64,11.19,62.48
TULE SPRINGS FOSSIL BEDS NM,National Monument,NV,Pacific West,22650.0,0.0,0.0,22650.0,0.0,0.0,0.0,22650.0
STONEWALL NM,National Monument,NY,Northeast,0.12,0.0,0.0,0.12,7.53,0.05,7.58,7.7
STONES RIVER NB,National Battlefield,TN,Southeast,649.15,0.0,0.0,649.15,13.07,47.24,60.31,709.46
T ROOSEVELT ISLAND,Other Designation,DC,National Capital,88.5,0.0,0.0,88.5,0.0,0.0,0.0,88.5
TIMPANOGOS CAVE NM,National Monument,UT,Intermountain,250.0,0.0,0.0,250.0,0.0,0.0,0.0,250.0
THOMAS STONE NHS,National Historic Site,MD,Northeast,328.25,0.0,0.0,328.25,0.0,0.0,0.0,328.25
TONTO NM,National Monument,AZ,Intermountain,1120.0,0.0,0.0,1120.0,0.0,0.0,0.0,1120.0
TIMUCUAN ECO & H PRES,Other Designation,FL,Southeast,7537.61,1330.0,0.0,8867.61,16006.56,21388.5,37395.06,46262.67
TALLGRASS PRAIRIE NPRE,National Preserve,KS,Midwest,33.12,0.0,0.0,33.12,17.3,10832.25,10849.55,10882.67
T ROOSEVELT NP,National Park,ND,Midwest,69550.88,0.0,151.24,69702.12,54.33,690.44,744.77,70446.89
THOMAS JEFFERSON MEM,Memorial,DC,National Capital,18.36,0.0,0.0,18.36,0.0,0.0,0.0,18.36
THOMAS EDISON NHP,National Historical Park,NJ,Northeast,21.25,0.0,0.0,21.25,0.0,0.0,0.0,21.25
WORLD WAR I NMEM,Memorial,DC,National Capital,1.39,0.0,0.0,1.39,0.0,0.0,0.0,1.39
WRANGELL-ST ELIAS N PRES,National Preserve,AK,Alaska,4323496.19,400.0,0.0,4323896.19,39779.85,488968.48,528748.33,4852644.52
WRANGELL-ST ELIAS NP,National Park,AK,Alaska,7956689.0,0.0,0.0,7956689.0,17585.84,348871.64,366457.48,8323146.48
ZION NP,National Park,UT,Intermountain,143747.65,0.0,0.0,143747.65,5.13,3484.24,3489.37,147237.02
WIND CAVE NP,National Park,SD,Midwest,33970.84,0.0,0.0,33970.84,0.0,0.0,0.0,33970.84
WOLF TRAP NP FOR PERF ARTS,Other Designation,VA,National Capital,117.89,12.39,0.0,130.28,0.0,0.0,0.0,130.28
YOSEMITE NP,National Park,CA,Pacific West,759690.11,10.83,319.11,760020.05,1502.7,224.75,1727.45,761747.5
YUCCA HOUSE NM,National Monument,CO,Intermountain,33.87,0.0,0.0,33.87,0.0,0.0,0.0,33.87
YUKON-CHARLEY RIVERS N PR,Other Designation,AK,Alaska,2195546.98,0.0,0.0,2195546.98,46167.0,284798.46,330965.46,2526512.44
YELLOWSTONE NP,National Park,ID-MT-WY,Intermountain,2219789.13,0.0,0.0,2219789.13,0.0,1.58,1.58,2219790.71
WRIGHT BROTHERS NMEM,Memorial,NC,Southeast,421.81,0.0,0.0,421.81,6.63,0.0,6.63,428.44
WUPATKI NM,National Monument,AZ,Intermountain,35401.73,20.4,0.0,35422.13,0.0,0.0,0.0,35422.13
WWII VALOR IN THE PACIFIC NM,National Monument,HI-CA,Pacific West,15.0,0.0,41.66,56.66,2.37,0.0,2.37,59.03
WALNUT CANYON NM,National Monument,AZ,Intermountain,3251.42,0.0,0.0,3251.42,0.0,277.84,277.84,3529.26
WAR IN THE PACIFIC NHP,National Historical Park,GUAM,Pacific West,957.52,0.0,0.73,958.25,871.96,200.44,1072.4,2030.65
WASHINGTON MONUMENT,National Monument,DC,National Capital,101.01,0.0,5.0,106.01,0.0,0.0,0.0,106.01
WACO MAMMOTH NM,National Monument,TX,Intermountain,4.93,2.18,0.0,7.11,100.12,0.0,100.12,107.23
WILSONS CREEK NB,National Battlefield,MO,Midwest,1975.2,0.0,0.0,1975.2,7.08,385.82,392.9,2368.1
VIRGIN ISLANDS NP,National Park,VI,Southeast,13101.98,3.0,0.0,13104.98,133.48,1710.0,1843.48,14948.46
VOYAGEURS NP,National Park,MN,Midwest,133108.69,0.0,139.03,133247.72,83903.18,1049.25,84952.43,218200.15
WHITE SANDS NM,National Monument,NM,Intermountain,141209.24,0.0,2524.01,143733.25,0.0,0.0,0.0,143733.25
WHITMAN MISSION NHS,National Historic Site,WA,Pacific West,138.53,0.0,0.0,138.53,0.0,0.0,0.0,138.53
WILLIAM H TAFT NHS,National Historic Site,OH,Midwest,1.92,0.0,0.0,1.92,1.07,0.65,1.72,3.64
WHITE HOUSE,Other Designation,DC,National Capital,18.07,0.0,0.0,18.07,0.0,0.0,0.0,18.07
WASHITA BATTLEFIELD NHS,National Historic Site,OK,Intermountain,312.2,0.0,0.0,312.2,3.0,0.0,3.0,315.2
WEIR FARM NHS,National Historic Site,CT,Northeast,68.05,0.0,0.0,68.05,0.0,6.15,6.15,74.2
WHISKEYTOWN-S-T NRA,National Recreation Area,CA,Pacific West,42463.16,0.0,0.0,42463.16,28.93,11.16,40.09,42503.25
